{

  "phone.music.1": {
    "category": "ui",
    "sounds": [
      "sounds/phone/music/music_1"
    ]
  },
  "phone.music.2": {
    "category": "ui",
    "sounds": [
      "sounds/phone/music/music_2"
    ]
  },
  "phone.music.3": {
    "category": "ui",
    "sounds": [
      "sounds/phone/music/music_3"
    ]
  },
  "phone.music.4": {
    "category": "ui",
    "sounds": [
      "sounds/phone/music/music_4"
    ]
  },
  "phone.music.5": {
    "category": "ui",
    "sounds": [
      "sounds/phone/music/music_5"
    ]
  },
  "phone.music.6": {
    "category": "ui",
    "sounds": [
      "sounds/phone/music/music_6"
    ]
  },
  "phone.music.7": {
    "category": "ui",
    "sounds": [
      "sounds/phone/music/music_7"
    ]
  },
  "phone.music.8": {
    "category": "ui",
    "sounds": [
      "sounds/phone/music/music_8"
    ]
  },
  "phone.music.9": {
    "category": "ui",
    "sounds": [
      "sounds/phone/music/music_9"
    ]
  },
  "phone.music.10": {
    "category": "ui",
    "sounds": [
      "sounds/phone/music/music_10"
    ]
  }




}