{
  "namespace": "main_button",
  "scale_big": {
    "anim_type": "size",
    "easing": "in_sine",
    "from": [
      "104%",
      "110%"
    ],
    "to": [
      "108%",
      "120%"
    ],
    "duration": 0.5,
    "next": "@main_button.scale_small"
  },
  "scale_small": {
    "anim_type": "size",
    "easing": "out_sine",
    "from": [
      "108%",
      "120%"
    ],
    "to": [
      "104%",
      "110%"
    ],
    "duration": 0.5,
    "next": "@main_button.scale_big"
  },
  "button_label": {
    "type": "label",
    "layer": 2,
    "text": "$button_text",
	"font_type": "smooth",
    "color": "$text_color",
    "max_size": [
      "100% - 4px",
      "100% - 4px"
    ],
    "bindings": "$button_bindings"
  },
  "main_menu_button_image": {
    "type": "image",
    "$custom_content|default": "",
    "$custom_content_size|default": [ "70%", "70%" ],
    "$default|default": false,
    "$hover|default": false,
    "$pressed|default": false,
    "$locked|default": false,
    "$button_bindings|default": [],
    "controls": [
      {
        "button_custom_content@$custom_content": {
          "size": "$button_content_size"
        }
      },
      {
        "default_button_content@main_button.button_label": {
          "visible": "($custom_content = '')"
        }
      }
    ]
  },
  "main_menu_button_default@main_button.main_menu_button_image": {
    "$default": true,
    "alpha": "$default_alpha",
    "$default_alpha|default": 1,
    "texture": "textures/buttons/button_default_top"
  },
  "main_menu_button_hover@main_button.main_menu_button_image": {
    "$hover": true,
    "texture": "$hover_button_texture",
    "$hover_button_texture|default": "textures/buttons/button_default_top",
    "propagate_alpha": true,
    "disable_anim_fast_forward": true
    
  },
  "main_menu_button_pressed@main_button.main_menu_button_hover": {
    "size": [
      "100%",
      "100%"
    ],
    "texture": "$pressed_button_texture",
    "$pressed_button_texture|default": "textures/buttons/button_default_top",
    "$pressed": true,
    "anims": []
  },
  "main_menu_button_locked@main_button.main_menu_button_image": {
    "$locked": true,
    "texture": "textures/buttons/button_default_top"
  },
  "main_button@common.button": {
    "size": [
      102,
      14
    ],
    "controls": [
      {
        "default@main_button.main_menu_button_default": {}
      },
      {
        "hover@main_button.main_menu_button_hover": {}
      },
      {
        "pressed@main_button.main_menu_button_pressed": {}
      }
    ]
  },

  "hyperlink_button@common.button": {
    "$pressed_button_name": "button.menu_open_uri",
    "property_bag": {
      "#hyperlink": "https://discord.gg/G8mhr6k"
    },
    "controls": [
      {
        "default@main_button.main_menu_button_default": {}
      },
      {
        "hover@main_button.main_menu_button_hover": {}
      },
      {
        "pressed@main_button.main_menu_button_pressed": {}
      }
    ]
  },

  "main_section_toggle_base": {
    "type": "label",
    "size": [
      145,
      30
    ],
    "text": "$button_text",
    "font_type": "smooth",
    "layer": -30,
    "controls": [
      {
        "panel@main_button.main_section_panel": {
          "layer": 32
        }
      }
    ]
  },
  "main_section_panel": {
    "type": "panel",
    "size": "$size",
    "$size|default": [
      "100%+8px",
      20
    ],
    "$default_alpha": 0,
    "$pressed_button_texture": "textures/buttons/button_default",
    "$unchecked_control": "main_button.main_menu_button_default",
    "$checked_control": "main_button.main_menu_button_pressed",
    "$unchecked_hover_control": "main_button.main_menu_button_hover",
    "$checked_hover_control": "main_button.main_menu_button_hover",
    "radio_to_toggle_group": true,
    "$radio_toggle_group": true,
    "$toggle_name": "navigation_tab",
    "$toggle_group_default_selected": "$default_selector_toggle_index",
    "$toggle_view_binding_name|default": "this_toggle",
    "$template_toggle|default": "common_toggles.light_template_toggle",
    "$left_tab|default": false,
    "$right_tab|default": false,
    "$button_mappings": [
      {
        "from_button_id": "button.menu_select",
        "to_button_id": "button.menu_select",
        "mapping_type": "pressed"
      },
      {
        "from_button_id": "button.menu_ok",
        "to_button_id": "button.menu_ok",
        "mapping_type": "focused"
      },
      {
        "ignored": "(not $right_tab)",
        "from_button_id": "button.menu_tab_right",
        "to_button_id": "button.menu_ok",
        "mapping_type": "global",
        "scope": "view"
      },
      {
        "ignored": "(not $left_tab)",
        "from_button_id": "button.menu_tab_left",
        "to_button_id": "button.menu_ok",
        "mapping_type": "global",
        "scope": "view"
      }
    ],
    "controls": [
      {
        "$toggle_view_binding_name@$template_toggle": {}
      }
    ]
  }
}