{
  "namespace": "debug_screen",

  //--------------------------------------------------------------------------------
  // Access Console
  //--------------------------------------------------------------------------------

  "access_button@common_buttons.light_content_button": {
    "$pressed_button_name": "button.access",
    "size": [ 20, 20 ],
    "offset": [ 20, 20 ],
    "anchor_to": "top_left",
    "anchor_from": "top_left",
    "bindings": [
      {
        "binding_name": "#access_screen_visible",
        "binding_name_override": "#visible"
      }
    ]
  },

  //--------------------------------------------------------------------------------
  // FPS DESKTOP
  //--------------------------------------------------------------------------------

"show_fps_toggle@common_toggles.light_template_toggle": {
    "size": [ 10, 10 ],
    "layer": 5,
    "$binding_type": "view",
    "$binding_condition": "once",
    "$enable_directional_toggling": false,
    "enabled": "$enabled",

    "$toggle_name": "FPS",
    "$toggle_view_binding_name": "show_fps_toggle",
    "$toggle_binding_type": "view",
    "$toggle_state_binding_name": "#show_fps"
  },

        "FPS_desktop": {
    "type": "image",
    "texture": "textures/pada",
    "anchor_from": "top_middle",
    "anchor_to": "top_middle",
    "size": [ 300, 50 ]
  },

  //--------------------------------------------------------------------------------
  // Pack Info
  //--------------------------------------------------------------------------------

  "pack_info": {
    "type": "label",
    "text": "§dEpic",
    "color": [ 1.0, 1.0, 1.0 ],
    "shadow": true,
    "font_size": "small",
    "visible": "$pack_info_debug",
    "anchor_from": "top_right",
    "anchor_to": "top_right",
    "alpha": 10
  },

    //--------------------------------------------------------------------------------
  // Beta Info
  //--------------------------------------------------------------------------------

  "special_render": {
    "type": "label",
    "text": "§8[ §aEnabled§8 ]",
    "color": [ 1.0, 1.0, 1.0 ],
    "shadow": true,
    "font_size": "small",
    "visible": "$pack_info_debug",
    "text_alignment": "center",
    "anchor_from": "top_left",
    "anchor_to": "top_left",
    "alpha": 10
  },

//--------------------------------------------------------------------------------
  // Debug Global Screen Panel
  //--------------------------------------------------------------------------------

  "debug_global_screen_panel": {
    "type": "panel",
    "clips_children": false,
    "size": [ "100%", "100%" ],
    "controls": [
      { "access_button@debug_screen.access_button": { } },
      { "special_render@debug_screen.special_render": { } },
      { "FPS_desktop@debug_screen.FPS_desktop": { } },
      { "pack_info@debug_screen.pack_info": { } }
    ]
  },

  //--------------------------------------------------------------------------------
  // Debug Screen
  //--------------------------------------------------------------------------------

  "debug_screen@common.base_screen": {
    "send_telemetry": false,
    "screen_not_flushable": true,
    "render_game_behind": true,
    "is_showing_menu": false,
    "low_frequency_rendering": true,
    "is_modal": true,
    "should_steal_mouse": false,
    "render_only_when_topmost": false,
    "screen_draws_last": true,
    "always_accepts_input": true,
    "$screen_content": "debug_screen.debug_global_screen_panel",
    "$screen_animations": [],
    "$use_loading_bars": false
  }
}